{
	"partitions" : [
		{
			"name" : "Top",
			"pins" : [
				{
					"name" : "SF",
					"strict" : false
				},
				{
					"name" : "ZF",
					"strict" : false
				},
				{
					"name" : "CF",
					"strict" : false
				},
				{
					"name" : "result[3]",
					"strict" : false
				},
				{
					"name" : "result[2]",
					"strict" : false
				},
				{
					"name" : "result[1]",
					"strict" : false
				},
				{
					"name" : "result[0]",
					"strict" : false
				},
				{
					"name" : "select[2]",
					"strict" : false
				},
				{
					"name" : "select[1]",
					"strict" : false
				},
				{
					"name" : "two[3]",
					"strict" : false
				},
				{
					"name" : "one[3]",
					"strict" : false
				},
				{
					"name" : "two[2]",
					"strict" : false
				},
				{
					"name" : "one[2]",
					"strict" : false
				},
				{
					"name" : "two[1]",
					"strict" : false
				},
				{
					"name" : "one[1]",
					"strict" : false
				},
				{
					"name" : "two[0]",
					"strict" : false
				},
				{
					"name" : "one[0]",
					"strict" : false
				},
				{
					"name" : "select[0]",
					"strict" : false
				}
			]
		}
	]
}