{
	"partitions" : [
		{
			"name" : "Top",
			"pins" : [
				{
					"name" : "COUT",
					"strict" : false
				},
				{
					"name" : "LED7S0[6]",
					"strict" : false
				},
				{
					"name" : "LED7S0[5]",
					"strict" : false
				},
				{
					"name" : "LED7S0[4]",
					"strict" : false
				},
				{
					"name" : "LED7S0[3]",
					"strict" : false
				},
				{
					"name" : "LED7S0[2]",
					"strict" : false
				},
				{
					"name" : "LED7S0[1]",
					"strict" : false
				},
				{
					"name" : "LED7S0[0]",
					"strict" : false
				},
				{
					"name" : "LED7S1[6]",
					"strict" : false
				},
				{
					"name" : "LED7S1[5]",
					"strict" : false
				},
				{
					"name" : "LED7S1[4]",
					"strict" : false
				},
				{
					"name" : "LED7S1[3]",
					"strict" : false
				},
				{
					"name" : "LED7S1[2]",
					"strict" : false
				},
				{
					"name" : "LED7S1[1]",
					"strict" : false
				},
				{
					"name" : "LED7S1[0]",
					"strict" : false
				},
				{
					"name" : "nRST",
					"strict" : false
				},
				{
					"name" : "clk50Mhz",
					"strict" : false
				}
			]
		}
	]
}